시도교육청코드,시도교육청명,행정표준코드,학교명,식사코드,식사명,급식일자,급식인원수,요리명,원산지정보,칼로리정보,영양정보,수정일자
K10,강원특별자치도교육청,7801185,춘천고등학교,3,석식,20260401,230.00,쌀밥 <br/>등촌샤브샤브떡국 (5.6.16)<br/>골뱅이무침*소면 (5.6.13.17)<br/>두툼동그랑땡전 (1.2.5.6.10.15.16)<br/>고추튀김 (1.5.6.10.18)<br/>배추김치 (9),쇠고기(종류) : 국내산(한우)<br/>쇠고기 식육가공품 : 국내산<br/>돼지고기 : 국내산<br/>돼지고기 식육가공품 : 국내산<br/>닭고기 : 국내산<br/>닭고기 식육가공품 : 국내산<br/>오리고기 : 국내산<br/>오리고기 가공품 : 국내산<br/>쌀 : 국내산<br/>쌀 가공품 : 국내산<br/>배추 : 국내산<br/>배추 가공품 : 국내산<br/>고춧가루 : 국내산<br/>고춧가루 가공품 : 국내산<br/>콩 : 수입산<br/>콩 가공품 : 수입산<br/>낙지 : 중국산<br/>명태 : 러시아산<br/>명태 수산가공품 : 러시아산<br/>고등어 : 국내산<br/>갈치 : 국내산<br/>오징어 : 국내산<br/>꽃게 : 중국산<br/>참조기 : 국내산<br/>참조기 수산가공품 : 국내산<br/>다랑어 : 원양산<br/>다랑어 수산가공품 : 원양산<br/>아귀 : 국내산<br/>아귀 수산가공품 : 국내산<br/>주꾸미 : 베트남산<br/>주꾸미 수산가공품 : 베트남산<br/>비고 : ,1012.7 Kcal,탄수화물(g) : 154.1<br/>단백질(g) : 40.0<br/>지방(g) : 25.2<br/>비타민A(R.E) : 151.1<br/>티아민(mg) : 0.5<br/>리보플라빈(mg) : 0.5<br/>비타민C(mg) : 13.8<br/>칼슘(mg) : 151.9<br/>철분(mg) : 4.1,20260408
K10,강원특별자치도교육청,7801185,춘천고등학교,3,석식,20260402,230.00,깍두기볶음밥 (1.2.5.6.9.10.13.15.16.18)<br/>근대된장국 (5.6)<br/>건파래자반 <br/>오리엔탈파스타 (1.2.5.6.12.13)<br/>멘츠까스*소스 (1.5.6.10)<br/>배추김치 (9),쇠고기(종류) : 국내산(한우)<br/>쇠고기 식육가공품 : 국내산<br/>돼지고기 : 국내산<br/>돼지고기 식육가공품 : 국내산<br/>닭고기 : 국내산<br/>닭고기 식육가공품 : 국내산<br/>오리고기 : 국내산<br/>오리고기 가공품 : 국내산<br/>쌀 : 국내산<br/>쌀 가공품 : 국내산<br/>배추 : 국내산<br/>배추 가공품 : 국내산<br/>고춧가루 : 국내산<br/>고춧가루 가공품 : 국내산<br/>콩 : 수입산<br/>콩 가공품 : 수입산<br/>낙지 : 중국산<br/>명태 : 러시아산<br/>명태 수산가공품 : 러시아산<br/>고등어 : 국내산<br/>갈치 : 국내산<br/>오징어 : 국내산<br/>꽃게 : 중국산<br/>참조기 : 국내산<br/>참조기 수산가공품 : 국내산<br/>다랑어 : 원양산<br/>다랑어 수산가공품 : 원양산<br/>아귀 : 국내산<br/>아귀 수산가공품 : 국내산<br/>주꾸미 : 베트남산<br/>주꾸미 수산가공품 : 베트남산<br/>비고 : ,946.7 Kcal,탄수화물(g) : 121.9<br/>단백질(g) : 26.8<br/>지방(g) : 38.6<br/>비타민A(R.E) : 210.7<br/>티아민(mg) : 0.4<br/>리보플라빈(mg) : 0.4<br/>비타민C(mg) : 23.0<br/>칼슘(mg) : 196.0<br/>철분(mg) : 3.7,20260409
K10,강원특별자치도교육청,7801185,춘천고등학교,3,석식,20260406,230.00,나시고랭 (2.5.6.9.12.13.16.18)<br/>미니차돌쌀국수 (5.6.15.16.18)<br/>꼬들단무지무침 (13)<br/>넴롤짜조 (1.5.6.10.16.18)<br/>닭윙오븐구이*칠리소스 (5.6.12.13.15)<br/>배추김치 (9),쇠고기(종류) : 국내산(한우)<br/>쇠고기 식육가공품 : 국내산<br/>돼지고기 : 국내산<br/>돼지고기 식육가공품 : 국내산<br/>닭고기 : 국내산<br/>닭고기 식육가공품 : 국내산<br/>오리고기 : 국내산<br/>오리고기 가공품 : 국내산<br/>쌀 : 국내산<br/>쌀 가공품 : 국내산<br/>배추 : 국내산<br/>배추 가공품 : 국내산<br/>고춧가루 : 국내산<br/>고춧가루 가공품 : 국내산<br/>콩 : 수입산<br/>콩 가공품 : 수입산<br/>낙지 : 중국산<br/>명태 : 러시아산<br/>명태 수산가공품 : 러시아산<br/>고등어 : 국내산<br/>갈치 : 국내산<br/>오징어 : 국내산<br/>꽃게 : 중국산<br/>참조기 : 국내산<br/>참조기 수산가공품 : 국내산<br/>다랑어 : 원양산<br/>다랑어 수산가공품 : 원양산<br/>아귀 : 국내산<br/>아귀 수산가공품 : 국내산<br/>주꾸미 : 베트남산<br/>주꾸미 수산가공품 : 베트남산<br/>비고 : ,978.5 Kcal,탄수화물(g) : 146.9<br/>단백질(g) : 46.3<br/>지방(g) : 19.8<br/>비타민A(R.E) : 107.0<br/>티아민(mg) : 0.5<br/>리보플라빈(mg) : 0.5<br/>비타민C(mg) : 15.5<br/>칼슘(mg) : 116.5<br/>철분(mg) : 4.3,20260413
K10,강원특별자치도교육청,7801185,춘천고등학교,3,석식,20260407,230.00,쌀밥 <br/>참치김치찌개 (5.9.16.18)<br/>마늘쫑고추장무침 (5.6.13)<br/>데리야끼돈육구이 (5.6.10.13)<br/>동글떡꼬치 (5.6.12.13)<br/>깍두기 (9)<br/>요구르트 (2),쇠고기(종류) : 국내산(한우)<br/>쇠고기 식육가공품 : 국내산<br/>돼지고기 : 국내산<br/>돼지고기 식육가공품 : 국내산<br/>닭고기 : 국내산<br/>닭고기 식육가공품 : 국내산<br/>오리고기 : 국내산<br/>오리고기 가공품 : 국내산<br/>쌀 : 국내산<br/>쌀 가공품 : 국내산<br/>배추 : 국내산<br/>배추 가공품 : 국내산<br/>고춧가루 : 국내산<br/>고춧가루 가공품 : 국내산<br/>콩 : 수입산<br/>콩 가공품 : 수입산<br/>낙지 : 중국산<br/>명태 : 러시아산<br/>명태 수산가공품 : 러시아산<br/>고등어 : 국내산<br/>갈치 : 국내산<br/>오징어 : 국내산<br/>꽃게 : 중국산<br/>참조기 : 국내산<br/>참조기 수산가공품 : 국내산<br/>다랑어 : 원양산<br/>다랑어 수산가공품 : 원양산<br/>아귀 : 국내산<br/>아귀 수산가공품 : 국내산<br/>주꾸미 : 베트남산<br/>주꾸미 수산가공품 : 베트남산<br/>비고 : ,954.9 Kcal,탄수화물(g) : 132.4<br/>단백질(g) : 40.6<br/>지방(g) : 27.7<br/>비타민A(R.E) : 80.3<br/>티아민(mg) : 1.1<br/>리보플라빈(mg) : 0.8<br/>비타민C(mg) : 24.1<br/>칼슘(mg) : 243.8<br/>철분(mg) : 4.0,20260414
K10,강원특별자치도교육청,7801185,춘천고등학교,3,석식,20260408,230.00,쌀밥 <br/>몽글순두부탕 (5.6)<br/>고사리볶음 <br/>고추잡채*꽃빵 (5.6)<br/>닭불고기 (5.6.13.15.18)<br/>배추김치 (9),쇠고기(종류) : 국내산(한우)<br/>쇠고기 식육가공품 : 국내산<br/>돼지고기 : 국내산<br/>돼지고기 식육가공품 : 국내산<br/>닭고기 : 국내산<br/>닭고기 식육가공품 : 국내산<br/>오리고기 : 국내산<br/>오리고기 가공품 : 국내산<br/>쌀 : 국내산<br/>쌀 가공품 : 국내산<br/>배추 : 국내산<br/>배추 가공품 : 국내산<br/>고춧가루 : 국내산<br/>고춧가루 가공품 : 국내산<br/>콩 : 수입산<br/>콩 가공품 : 수입산<br/>낙지 : 중국산<br/>명태 : 러시아산<br/>명태 수산가공품 : 러시아산<br/>고등어 : 국내산<br/>갈치 : 국내산<br/>오징어 : 국내산<br/>꽃게 : 중국산<br/>참조기 : 국내산<br/>참조기 수산가공품 : 국내산<br/>다랑어 : 원양산<br/>다랑어 수산가공품 : 원양산<br/>아귀 : 국내산<br/>아귀 수산가공품 : 국내산<br/>주꾸미 : 베트남산<br/>주꾸미 수산가공품 : 베트남산<br/>비고 : ,924.0 Kcal,탄수화물(g) : 119.4<br/>단백질(g) : 49.3<br/>지방(g) : 25.9<br/>비타민A(R.E) : 108.5<br/>티아민(mg) : 0.7<br/>리보플라빈(mg) : 0.8<br/>비타민C(mg) : 39.0<br/>칼슘(mg) : 203.4<br/>철분(mg) : 4.5,20260415
K10,강원특별자치도교육청,7801185,춘천고등학교,3,석식,20260409,230.00,쇠고기볶음밥 (5.6.16)<br/>크루통크림스프 (2.5.6.13.16)<br/>브로콜리흑임자샐러드 (1.5)<br/>생선까스*타르타르소스 (1.5.6.13)<br/>슬라이스감자치즈구이 (1.2.5)<br/>깍두기 (9),쇠고기(종류) : 국내산(한우)<br/>쇠고기 식육가공품 : 국내산<br/>돼지고기 : 국내산<br/>돼지고기 식육가공품 : 국내산<br/>닭고기 : 국내산<br/>닭고기 식육가공품 : 국내산<br/>오리고기 : 국내산<br/>오리고기 가공품 : 국내산<br/>쌀 : 국내산<br/>쌀 가공품 : 국내산<br/>배추 : 국내산<br/>배추 가공품 : 국내산<br/>고춧가루 : 국내산<br/>고춧가루 가공품 : 국내산<br/>콩 : 수입산<br/>콩 가공품 : 수입산<br/>낙지 : 중국산<br/>명태 : 러시아산<br/>명태 수산가공품 : 러시아산<br/>고등어 : 국내산<br/>갈치 : 국내산<br/>오징어 : 국내산<br/>꽃게 : 중국산<br/>참조기 : 국내산<br/>참조기 수산가공품 : 국내산<br/>다랑어 : 원양산<br/>다랑어 수산가공품 : 원양산<br/>아귀 : 국내산<br/>아귀 수산가공품 : 국내산<br/>주꾸미 : 베트남산<br/>주꾸미 수산가공품 : 베트남산<br/>비고 : ,969.9 Kcal,탄수화물(g) : 155.5<br/>단백질(g) : 36.4<br/>지방(g) : 20.7<br/>비타민A(R.E) : 116.7<br/>티아민(mg) : 0.4<br/>리보플라빈(mg) : 0.5<br/>비타민C(mg) : 28.8<br/>칼슘(mg) : 250.2<br/>철분(mg) : 4.7,20260416
K10,강원특별자치도교육청,7801185,춘천고등학교,3,석식,20260413,230.00,토핑유부초밥 (1.2.5.6.10.13.15.16.18)<br/>미니우동 (1.2.5.6.7.9.13.18)<br/>타코샐러드 (1.2.5.6.12.13.16)<br/>허니버터순살치킨 (2.5.6.15)<br/>배추김치 (9)<br/>아이스망고 ,쇠고기(종류) : 국내산(한우)<br/>쇠고기 식육가공품 : 국내산<br/>돼지고기 : 국내산<br/>돼지고기 식육가공품 : 국내산<br/>닭고기 : 국내산<br/>닭고기 식육가공품 : 국내산<br/>오리고기 : 국내산<br/>오리고기 가공품 : 국내산<br/>쌀 : 국내산<br/>쌀 가공품 : 국내산<br/>배추 : 국내산<br/>배추 가공품 : 국내산<br/>고춧가루 : 국내산<br/>고춧가루 가공품 : 국내산<br/>콩 : 수입산<br/>콩 가공품 : 수입산<br/>낙지 : 중국산<br/>명태 : 러시아산<br/>명태 수산가공품 : 러시아산<br/>고등어 : 국내산<br/>갈치 : 국내산<br/>오징어 : 국내산<br/>꽃게 : 중국산<br/>참조기 : 국내산<br/>참조기 수산가공품 : 국내산<br/>다랑어 : 원양산<br/>다랑어 수산가공품 : 원양산<br/>아귀 : 국내산<br/>아귀 수산가공품 : 국내산<br/>주꾸미 : 베트남산<br/>주꾸미 수산가공품 : 베트남산<br/>비고 : ,917.4 Kcal,탄수화물(g) : 120.5<br/>단백질(g) : 45.5<br/>지방(g) : 27.0<br/>비타민A(R.E) : 169.4<br/>티아민(mg) : 0.5<br/>리보플라빈(mg) : 0.4<br/>비타민C(mg) : 15.8<br/>칼슘(mg) : 356.7<br/>철분(mg) : 4.6,20260420
K10,강원특별자치도교육청,7801185,춘천고등학교,3,석식,20260414,230.00,쌀밥 <br/>쑥갓어묵국 (1.5.6.7.13.18)<br/>도토리묵무침 (5.6.13)<br/>빨간콩나물잡채 (5.6.13)<br/>미나리소불고기 (5.6.13.16)<br/>깍두기 (9),쇠고기(종류) : 국내산(한우)<br/>쇠고기 식육가공품 : 국내산<br/>돼지고기 : 국내산<br/>돼지고기 식육가공품 : 국내산<br/>닭고기 : 국내산<br/>닭고기 식육가공품 : 국내산<br/>오리고기 : 국내산<br/>오리고기 가공품 : 국내산<br/>쌀 : 국내산<br/>쌀 가공품 : 국내산<br/>배추 : 국내산<br/>배추 가공품 : 국내산<br/>고춧가루 : 국내산<br/>고춧가루 가공품 : 국내산<br/>콩 : 수입산<br/>콩 가공품 : 수입산<br/>낙지 : 중국산<br/>명태 : 러시아산<br/>명태 수산가공품 : 러시아산<br/>고등어 : 국내산<br/>갈치 : 국내산<br/>오징어 : 국내산<br/>꽃게 : 중국산<br/>참조기 : 국내산<br/>참조기 수산가공품 : 국내산<br/>다랑어 : 원양산<br/>다랑어 수산가공품 : 원양산<br/>아귀 : 국내산<br/>아귀 수산가공품 : 국내산<br/>주꾸미 : 베트남산<br/>주꾸미 수산가공품 : 베트남산<br/>비고 : ,809.6 Kcal,탄수화물(g) : 135.1<br/>단백질(g) : 28.6<br/>지방(g) : 16.2<br/>비타민A(R.E) : 197.8<br/>티아민(mg) : 0.3<br/>리보플라빈(mg) : 0.8<br/>비타민C(mg) : 16.8<br/>칼슘(mg) : 194.1<br/>철분(mg) : 5.4,20260421
K10,강원특별자치도교육청,7801185,춘천고등학교,3,석식,20260415,230.00,쌀밥 <br/>짬뽕파스타 (1.5.6.9.10.12.13.16.17.18)<br/>치즈화덕피자*스틱꿀 (1.2.5.6.10.12.13.15.16)<br/>허브솔트닭다리구이 (15)<br/>배추김치 (9)<br/>야채피클 ,쇠고기(종류) : 국내산(한우)<br/>쇠고기 식육가공품 : 국내산<br/>돼지고기 : 국내산<br/>돼지고기 식육가공품 : 국내산<br/>닭고기 : 국내산<br/>닭고기 식육가공품 : 국내산<br/>오리고기 : 국내산<br/>오리고기 가공품 : 국내산<br/>쌀 : 국내산<br/>쌀 가공품 : 국내산<br/>배추 : 국내산<br/>배추 가공품 : 국내산<br/>고춧가루 : 국내산<br/>고춧가루 가공품 : 국내산<br/>콩 : 수입산<br/>콩 가공품 : 수입산<br/>낙지 : 중국산<br/>명태 : 러시아산<br/>명태 수산가공품 : 러시아산<br/>고등어 : 국내산<br/>갈치 : 국내산<br/>오징어 : 국내산<br/>꽃게 : 중국산<br/>참조기 : 국내산<br/>참조기 수산가공품 : 국내산<br/>다랑어 : 원양산<br/>다랑어 수산가공품 : 원양산<br/>아귀 : 국내산<br/>아귀 수산가공품 : 국내산<br/>주꾸미 : 베트남산<br/>주꾸미 수산가공품 : 베트남산<br/>비고 : ,996.2 Kcal,탄수화물(g) : 148.8<br/>단백질(g) : 49.9<br/>지방(g) : 21.5<br/>비타민A(R.E) : 77.1<br/>티아민(mg) : 0.5<br/>리보플라빈(mg) : 0.6<br/>비타민C(mg) : 11.7<br/>칼슘(mg) : 385.3<br/>철분(mg) : 5.5,20260422
K10,강원특별자치도교육청,7801185,춘천고등학교,3,석식,20260416,230.00,쌀밥 <br/>뼈없는우거지감자탕 (5.6.10.16)<br/>계란찜 (1)<br/>오징어볶음 (5.6.13.17)<br/>마늘만두강정 (1.5.6.10.13.15.16.18)<br/>배추김치 (9),쇠고기(종류) : 국내산(한우)<br/>쇠고기 식육가공품 : 국내산<br/>돼지고기 : 국내산<br/>돼지고기 식육가공품 : 국내산<br/>닭고기 : 국내산<br/>닭고기 식육가공품 : 국내산<br/>오리고기 : 국내산<br/>오리고기 가공품 : 국내산<br/>쌀 : 국내산<br/>쌀 가공품 : 국내산<br/>배추 : 국내산<br/>배추 가공품 : 국내산<br/>고춧가루 : 국내산<br/>고춧가루 가공품 : 국내산<br/>콩 : 수입산<br/>콩 가공품 : 수입산<br/>낙지 : 중국산<br/>명태 : 러시아산<br/>명태 수산가공품 : 러시아산<br/>고등어 : 국내산<br/>갈치 : 국내산<br/>오징어 : 국내산<br/>꽃게 : 중국산<br/>참조기 : 국내산<br/>참조기 수산가공품 : 국내산<br/>다랑어 : 원양산<br/>다랑어 수산가공품 : 원양산<br/>아귀 : 국내산<br/>아귀 수산가공품 : 국내산<br/>주꾸미 : 베트남산<br/>주꾸미 수산가공품 : 베트남산<br/>비고 : ,1035.6 Kcal,탄수화물(g) : 120.3<br/>단백질(g) : 68.2<br/>지방(g) : 27.9<br/>비타민A(R.E) : 277.9<br/>티아민(mg) : 1.3<br/>리보플라빈(mg) : 1.1<br/>비타민C(mg) : 20.6<br/>칼슘(mg) : 205.9<br/>철분(mg) : 6.6,20260423
K10,강원특별자치도교육청,7801185,춘천고등학교,3,석식,20260420,230.00,철판제육덮밥 (5.6.10.13)<br/>미소된장국 (5.6)<br/>버터장조림 (1.2.5.6.13.16)<br/>시금치무침 (5.6)<br/>배추김치 (9)<br/>초코링요거트 (2),쇠고기(종류) : 국내산(한우)<br/>쇠고기 식육가공품 : 국내산<br/>돼지고기 : 국내산<br/>돼지고기 식육가공품 : 국내산<br/>닭고기 : 국내산<br/>닭고기 식육가공품 : 국내산<br/>오리고기 : 국내산<br/>오리고기 가공품 : 국내산<br/>쌀 : 국내산<br/>쌀 가공품 : 국내산<br/>배추 : 국내산<br/>배추 가공품 : 국내산<br/>고춧가루 : 국내산<br/>고춧가루 가공품 : 국내산<br/>콩 : 수입산<br/>콩 가공품 : 수입산<br/>낙지 : 중국산<br/>명태 : 러시아산<br/>명태 수산가공품 : 러시아산<br/>고등어 : 국내산<br/>갈치 : 국내산<br/>오징어 : 국내산<br/>꽃게 : 중국산<br/>참조기 : 국내산<br/>참조기 수산가공품 : 국내산<br/>다랑어 : 원양산<br/>다랑어 수산가공품 : 원양산<br/>아귀 : 국내산<br/>아귀 수산가공품 : 국내산<br/>주꾸미 : 베트남산<br/>주꾸미 수산가공품 : 베트남산<br/>비고 : ,882.8 Kcal,탄수화물(g) : 132.9<br/>단백질(g) : 41.0<br/>지방(g) : 20.7<br/>비타민A(R.E) : 494.6<br/>티아민(mg) : 0.7<br/>리보플라빈(mg) : 1.2<br/>비타민C(mg) : 29.8<br/>칼슘(mg) : 432.6<br/>철분(mg) : 5.9,20260427
K10,강원특별자치도교육청,7801185,춘천고등학교,3,석식,20260421,230.00,쌀밥 <br/>설렁탕 (5.6.16)<br/>크래미계란찜 (1)<br/>오이부추무침 <br/>곱도리탕 (5.6.13.15.16)<br/>깍두기 (9)<br/>비타민ABC주스 (5.13),쇠고기(종류) : 국내산(한우)<br/>쇠고기 식육가공품 : 국내산<br/>돼지고기 : 국내산<br/>돼지고기 식육가공품 : 국내산<br/>닭고기 : 국내산<br/>닭고기 식육가공품 : 국내산<br/>오리고기 : 국내산<br/>오리고기 가공품 : 국내산<br/>쌀 : 국내산<br/>쌀 가공품 : 국내산<br/>배추 : 국내산<br/>배추 가공품 : 국내산<br/>고춧가루 : 국내산<br/>고춧가루 가공품 : 국내산<br/>콩 : 수입산<br/>콩 가공품 : 수입산<br/>낙지 : 중국산<br/>명태 : 러시아산<br/>명태 수산가공품 : 러시아산<br/>고등어 : 국내산<br/>갈치 : 국내산<br/>오징어 : 국내산<br/>꽃게 : 중국산<br/>참조기 : 국내산<br/>참조기 수산가공품 : 국내산<br/>다랑어 : 원양산<br/>다랑어 수산가공품 : 원양산<br/>아귀 : 국내산<br/>아귀 수산가공품 : 국내산<br/>주꾸미 : 베트남산<br/>주꾸미 수산가공품 : 베트남산<br/>비고 : ,982.4 Kcal,탄수화물(g) : 120.4<br/>단백질(g) : 62.9<br/>지방(g) : 24.5<br/>비타민A(R.E) : 220.4<br/>티아민(mg) : 0.5<br/>리보플라빈(mg) : 0.7<br/>비타민C(mg) : 54.7<br/>칼슘(mg) : 114.0<br/>철분(mg) : 7.1,20260428
K10,강원특별자치도교육청,7801185,춘천고등학교,3,석식,20260422,230.00,쌀밥 <br/>두부조개탕 (5.6.13.18)<br/>알배추찜 (5.6)<br/>파채겉절이 (5.6.13)<br/>대패삼겹구이 (5.6.10.13)<br/>깍두기 (9)<br/>석류푸딩 ,쇠고기(종류) : 국내산(한우)<br/>쇠고기 식육가공품 : 국내산<br/>돼지고기 : 국내산<br/>돼지고기 식육가공품 : 국내산<br/>닭고기 : 국내산<br/>닭고기 식육가공품 : 국내산<br/>오리고기 : 국내산<br/>오리고기 가공품 : 국내산<br/>쌀 : 국내산<br/>쌀 가공품 : 국내산<br/>배추 : 국내산<br/>배추 가공품 : 국내산<br/>고춧가루 : 국내산<br/>고춧가루 가공품 : 국내산<br/>콩 : 수입산<br/>콩 가공품 : 수입산<br/>낙지 : 중국산<br/>명태 : 러시아산<br/>명태 수산가공품 : 러시아산<br/>고등어 : 국내산<br/>갈치 : 국내산<br/>오징어 : 국내산<br/>꽃게 : 중국산<br/>참조기 : 국내산<br/>참조기 수산가공품 : 국내산<br/>다랑어 : 원양산<br/>다랑어 수산가공품 : 원양산<br/>아귀 : 국내산<br/>아귀 수산가공품 : 국내산<br/>주꾸미 : 베트남산<br/>주꾸미 수산가공품 : 베트남산<br/>비고 : ,859.8 Kcal,탄수화물(g) : 98.4<br/>단백질(g) : 28.8<br/>지방(g) : 36.2<br/>비타민A(R.E) : 53.3<br/>티아민(mg) : 0.7<br/>리보플라빈(mg) : 0.5<br/>비타민C(mg) : 16.9<br/>칼슘(mg) : 169.9<br/>철분(mg) : 6.8,20260429
K10,강원특별자치도교육청,7801185,춘천고등학교,3,석식,20260423,230.00,김밥 (1.2.5.6.10.15.16)<br/>치쫄면 (5.6.13.15)<br/>유부가쓰오장국 (1.2.5.6.7.9.13.18)<br/>오다리튀김 (1.5.6.17)<br/>배추김치 (9)<br/>파인애플주스 (13),쇠고기(종류) : 국내산(한우)<br/>쇠고기 식육가공품 : 국내산<br/>돼지고기 : 국내산<br/>돼지고기 식육가공품 : 국내산<br/>닭고기 : 국내산<br/>닭고기 식육가공품 : 국내산<br/>오리고기 : 국내산<br/>오리고기 가공품 : 국내산<br/>쌀 : 국내산<br/>쌀 가공품 : 국내산<br/>배추 : 국내산<br/>배추 가공품 : 국내산<br/>고춧가루 : 국내산<br/>고춧가루 가공품 : 국내산<br/>콩 : 수입산<br/>콩 가공품 : 수입산<br/>낙지 : 중국산<br/>명태 : 러시아산<br/>명태 수산가공품 : 러시아산<br/>고등어 : 국내산<br/>갈치 : 국내산<br/>오징어 : 국내산<br/>꽃게 : 중국산<br/>참조기 : 국내산<br/>참조기 수산가공품 : 국내산<br/>다랑어 : 원양산<br/>다랑어 수산가공품 : 원양산<br/>아귀 : 국내산<br/>아귀 수산가공품 : 국내산<br/>주꾸미 : 베트남산<br/>주꾸미 수산가공품 : 베트남산<br/>비고 : ,868.1 Kcal,탄수화물(g) : 143.6<br/>단백질(g) : 44.9<br/>지방(g) : 11.4<br/>비타민A(R.E) : 48.5<br/>티아민(mg) : 0.4<br/>리보플라빈(mg) : 0.7<br/>비타민C(mg) : 52.9<br/>칼슘(mg) : 244.4<br/>철분(mg) : 5.6,20260430
K10,강원특별자치도교육청,7801185,춘천고등학교,3,석식,20260506,230.00,쌀밥 <br/>청국장찌개 (5.6.9.10)<br/>상추겉절이 (5.6.13)<br/>하트어묵전 (1.5.6.12)<br/>삼겹살구이 (10)<br/>깍두기 (9),쇠고기(종류) : 국내산(한우)<br/>쇠고기 식육가공품 : 국내산<br/>돼지고기 : 국내산<br/>돼지고기 식육가공품 : 국내산<br/>닭고기 : 국내산<br/>닭고기 식육가공품 : 국내산<br/>오리고기 : 국내산<br/>오리고기 가공품 : 국내산<br/>쌀 : 국내산<br/>쌀 가공품 : 국내산<br/>배추 : 국내산<br/>배추 가공품 : 국내산<br/>고춧가루 : 국내산<br/>고춧가루 가공품 : 국내산<br/>콩 : 수입산<br/>콩 가공품 : 수입산<br/>낙지 : 중국산<br/>명태 : 러시아산<br/>명태 수산가공품 : 러시아산<br/>고등어 : 국내산<br/>갈치 : 국내산<br/>오징어 : 국내산<br/>꽃게 : 중국산<br/>참조기 : 국내산<br/>참조기 수산가공품 : 국내산<br/>다랑어 : 원양산<br/>다랑어 수산가공품 : 원양산<br/>아귀 : 국내산<br/>아귀 수산가공품 : 국내산<br/>주꾸미 : 베트남산<br/>주꾸미 수산가공품 : 베트남산<br/>비고 : ,922.3 Kcal,탄수화물(g) : 136.3<br/>단백질(g) : 33.4<br/>지방(g) : 25.0<br/>비타민A(R.E) : 148.0<br/>티아민(mg) : 0.5<br/>리보플라빈(mg) : 0.6<br/>비타민C(mg) : 5.0<br/>칼슘(mg) : 159.1<br/>철분(mg) : 4.0,20260513
K10,강원특별자치도교육청,7801185,춘천고등학교,3,석식,20260507,230.00,쌀밥 <br/>얼큰순대국 (2.5.6.10.13.16)<br/>부추무침 (5.6.13)<br/>소세지케첩볶음 (2.5.6.10.12.13.15.16)<br/>한돈육전 (1.5.6.10.15.18)<br/>섞박지 (9),쇠고기(종류) : 국내산(한우)<br/>쇠고기 식육가공품 : 국내산<br/>돼지고기 : 국내산<br/>돼지고기 식육가공품 : 국내산<br/>닭고기 : 국내산<br/>닭고기 식육가공품 : 국내산<br/>오리고기 : 국내산<br/>오리고기 가공품 : 국내산<br/>쌀 : 국내산<br/>쌀 가공품 : 국내산<br/>배추 : 국내산<br/>배추 가공품 : 국내산<br/>고춧가루 : 국내산<br/>고춧가루 가공품 : 국내산<br/>콩 : 수입산<br/>콩 가공품 : 수입산<br/>낙지 : 중국산<br/>명태 : 러시아산<br/>명태 수산가공품 : 러시아산<br/>고등어 : 국내산<br/>갈치 : 국내산<br/>오징어 : 국내산<br/>꽃게 : 중국산<br/>참조기 : 국내산<br/>참조기 수산가공품 : 국내산<br/>다랑어 : 원양산<br/>다랑어 수산가공품 : 원양산<br/>아귀 : 국내산<br/>아귀 수산가공품 : 국내산<br/>주꾸미 : 베트남산<br/>주꾸미 수산가공품 : 베트남산<br/>비고 : ,844.6 Kcal,탄수화물(g) : 109.8<br/>단백질(g) : 31.6<br/>지방(g) : 29.9<br/>비타민A(R.E) : 46.5<br/>티아민(mg) : 0.7<br/>리보플라빈(mg) : 0.5<br/>비타민C(mg) : 32.7<br/>칼슘(mg) : 143.7<br/>철분(mg) : 6.3,20260514
K10,강원특별자치도교육청,7801185,춘천고등학교,3,석식,20260511,230.00,마파두부덮밥 (5.6.10.12.13.18)<br/>누룽지탕 <br/>단무지 <br/>청경채버섯볶음 (5.6.13.18)<br/>찹쌀탕수육 (1.5.6.10.11)<br/>배추김치 (9)<br/>블루베리요구르트 (2),쇠고기(종류) : 국내산(한우)<br/>쇠고기 식육가공품 : 국내산<br/>돼지고기 : 국내산<br/>돼지고기 식육가공품 : 국내산<br/>닭고기 : 국내산<br/>닭고기 식육가공품 : 국내산<br/>오리고기 : 국내산<br/>오리고기 가공품 : 국내산<br/>쌀 : 국내산<br/>쌀 가공품 : 국내산<br/>배추 : 국내산<br/>배추 가공품 : 국내산<br/>고춧가루 : 국내산<br/>고춧가루 가공품 : 국내산<br/>콩 : 수입산<br/>콩 가공품 : 수입산<br/>낙지 : 중국산<br/>명태 : 러시아산<br/>명태 수산가공품 : 러시아산<br/>고등어 : 국내산<br/>갈치 : 국내산<br/>오징어 : 국내산<br/>꽃게 : 중국산<br/>참조기 : 국내산<br/>참조기 수산가공품 : 국내산<br/>다랑어 : 원양산<br/>다랑어 수산가공품 : 원양산<br/>아귀 : 국내산<br/>아귀 수산가공품 : 국내산<br/>주꾸미 : 베트남산<br/>주꾸미 수산가공품 : 베트남산<br/>비고 : ,880.1 Kcal,탄수화물(g) : 136.3<br/>단백질(g) : 29.2<br/>지방(g) : 22.5<br/>비타민A(R.E) : 115.0<br/>티아민(mg) : 0.5<br/>리보플라빈(mg) : 0.4<br/>비타민C(mg) : 35.2<br/>칼슘(mg) : 295.6<br/>철분(mg) : 7.8,20260518
K10,강원특별자치도교육청,7801185,춘천고등학교,3,석식,20260512,230.00,간장계란버터볶음밥 (1.2.5.6)<br/>새우튀김우동 (1.2.5.6.7.9.13.18)<br/>산고추절임 <br/>매콤닭날개구이*마요네즈 (1.5.6.13.15)<br/>배추김치 (9)<br/>양배추샐러드 (1.2.5.6),쇠고기(종류) : 국내산(한우)<br/>쇠고기 식육가공품 : 국내산<br/>돼지고기 : 국내산<br/>돼지고기 식육가공품 : 국내산<br/>닭고기 : 국내산<br/>닭고기 식육가공품 : 국내산<br/>오리고기 : 국내산<br/>오리고기 가공품 : 국내산<br/>쌀 : 국내산<br/>쌀 가공품 : 국내산<br/>배추 : 국내산<br/>배추 가공품 : 국내산<br/>고춧가루 : 국내산<br/>고춧가루 가공품 : 국내산<br/>콩 : 수입산<br/>콩 가공품 : 수입산<br/>낙지 : 중국산<br/>명태 : 러시아산<br/>명태 수산가공품 : 러시아산<br/>고등어 : 국내산<br/>갈치 : 국내산<br/>오징어 : 국내산<br/>꽃게 : 중국산<br/>참조기 : 국내산<br/>참조기 수산가공품 : 국내산<br/>다랑어 : 원양산<br/>다랑어 수산가공품 : 원양산<br/>아귀 : 국내산<br/>아귀 수산가공품 : 국내산<br/>주꾸미 : 베트남산<br/>주꾸미 수산가공품 : 베트남산<br/>비고 : ,1024.9 Kcal,탄수화물(g) : 139.5<br/>단백질(g) : 46.9<br/>지방(g) : 28.3<br/>비타민A(R.E) : 155.1<br/>티아민(mg) : 0.5<br/>리보플라빈(mg) : 0.5<br/>비타민C(mg) : 13.8<br/>칼슘(mg) : 209.1<br/>철분(mg) : 3.8,20260519
K10,강원특별자치도교육청,7801185,춘천고등학교,3,석식,20260513,230.00,참치마요덮밥 (1.5.6.13.16.18)<br/>쑥갓어묵국 (1.5.6.7.13.18)<br/>마라로제떡볶이 (1.2.5.6.10.13.15.16)<br/>마카로니콘샐러드 (1.2.5.6.10.13.15.16)<br/>김말이튀김 (1.5.6.16)<br/>배추김치 (9),쇠고기(종류) : 국내산(한우)<br/>쇠고기 식육가공품 : 국내산<br/>돼지고기 : 국내산<br/>돼지고기 식육가공품 : 국내산<br/>닭고기 : 국내산<br/>닭고기 식육가공품 : 국내산<br/>오리고기 : 국내산<br/>오리고기 가공품 : 국내산<br/>쌀 : 국내산<br/>쌀 가공품 : 국내산<br/>배추 : 국내산<br/>배추 가공품 : 국내산<br/>고춧가루 : 국내산<br/>고춧가루 가공품 : 국내산<br/>콩 : 수입산<br/>콩 가공품 : 수입산<br/>낙지 : 중국산<br/>명태 : 러시아산<br/>명태 수산가공품 : 러시아산<br/>고등어 : 국내산<br/>갈치 : 국내산<br/>오징어 : 국내산<br/>꽃게 : 중국산<br/>참조기 : 국내산<br/>참조기 수산가공품 : 국내산<br/>다랑어 : 원양산<br/>다랑어 수산가공품 : 원양산<br/>아귀 : 국내산<br/>아귀 수산가공품 : 국내산<br/>주꾸미 : 베트남산<br/>주꾸미 수산가공품 : 베트남산<br/>비고 : ,1009.5 Kcal,탄수화물(g) : 149.3<br/>단백질(g) : 42.5<br/>지방(g) : 27.2<br/>비타민A(R.E) : 204.1<br/>티아민(mg) : 0.5<br/>리보플라빈(mg) : 1.0<br/>비타민C(mg) : 36.2<br/>칼슘(mg) : 229.2<br/>철분(mg) : 13.1,20260520
K10,강원특별자치도교육청,7801185,춘천고등학교,3,석식,20260518,230.00,쌀밥 <br/>미트라구파스타 (1.2.5.6.10.12.13.15.16)<br/>양송이스프 (2.5.6.13.16)<br/>돈까스*치킨까스 (1.2.5.6.10.12.13.15.16.18)<br/>배추김치 (9)<br/>야채피클 ,쇠고기(종류) : 국내산(한우)<br/>쇠고기 식육가공품 : 국내산<br/>돼지고기 : 국내산<br/>돼지고기 식육가공품 : 국내산<br/>닭고기 : 국내산<br/>닭고기 식육가공품 : 국내산<br/>오리고기 : 국내산<br/>오리고기 가공품 : 국내산<br/>쌀 : 국내산<br/>쌀 가공품 : 국내산<br/>배추 : 국내산<br/>배추 가공품 : 국내산<br/>고춧가루 : 국내산<br/>고춧가루 가공품 : 국내산<br/>콩 : 수입산<br/>콩 가공품 : 수입산<br/>낙지 : 중국산<br/>명태 : 러시아산<br/>명태 수산가공품 : 러시아산<br/>고등어 : 국내산<br/>갈치 : 국내산<br/>오징어 : 국내산<br/>꽃게 : 중국산<br/>참조기 : 국내산<br/>참조기 수산가공품 : 국내산<br/>다랑어 : 원양산<br/>다랑어 수산가공품 : 원양산<br/>아귀 : 국내산<br/>아귀 수산가공품 : 국내산<br/>주꾸미 : 베트남산<br/>주꾸미 수산가공품 : 베트남산<br/>비고 : ,996.5 Kcal,탄수화물(g) : 141.5<br/>단백질(g) : 34.0<br/>지방(g) : 32.0<br/>비타민A(R.E) : 120.8<br/>티아민(mg) : 0.3<br/>리보플라빈(mg) : 0.4<br/>비타민C(mg) : 9.2<br/>칼슘(mg) : 110.6<br/>철분(mg) : 3.9,20260525
K10,강원특별자치도교육청,7801185,춘천고등학교,3,석식,20260519,230.00,쌀밥 <br/>미니전복미역국 (5.6.18)<br/>숙주나물무침 <br/>김치제육두루치기 (5.6.9.10.13)<br/>들기름두부구이 (5)<br/>깍두기 (9)<br/>도깨비감자핫도그 (1.2.5.6.10.12.16),쇠고기(종류) : 국내산(한우)<br/>쇠고기 식육가공품 : 국내산<br/>돼지고기 : 국내산<br/>돼지고기 식육가공품 : 국내산<br/>닭고기 : 국내산<br/>닭고기 식육가공품 : 국내산<br/>오리고기 : 국내산<br/>오리고기 가공품 : 국내산<br/>쌀 : 국내산<br/>쌀 가공품 : 국내산<br/>배추 : 국내산<br/>배추 가공품 : 국내산<br/>고춧가루 : 국내산<br/>고춧가루 가공품 : 국내산<br/>콩 : 수입산<br/>콩 가공품 : 수입산<br/>낙지 : 중국산<br/>명태 : 러시아산<br/>명태 수산가공품 : 러시아산<br/>고등어 : 국내산<br/>갈치 : 국내산<br/>오징어 : 국내산<br/>꽃게 : 중국산<br/>참조기 : 국내산<br/>참조기 수산가공품 : 국내산<br/>다랑어 : 원양산<br/>다랑어 수산가공품 : 원양산<br/>아귀 : 국내산<br/>아귀 수산가공품 : 국내산<br/>주꾸미 : 베트남산<br/>주꾸미 수산가공품 : 베트남산<br/>비고 : ,977.0 Kcal,탄수화물(g) : 111.6<br/>단백질(g) : 58.4<br/>지방(g) : 32.3<br/>비타민A(R.E) : 90.7<br/>티아민(mg) : 1.2<br/>리보플라빈(mg) : 0.7<br/>비타민C(mg) : 13.4<br/>칼슘(mg) : 352.5<br/>철분(mg) : 5.2,20260526
K10,강원특별자치도교육청,7801185,춘천고등학교,3,석식,20260520,230.00,쌀밥 <br/>오징어무국 (5.6.17)<br/>물갈비 (5.6.10.13)<br/>미역줄기볶음 (5)<br/>토마토달걀볶음 (1.5.6.12.13.18)<br/>배추김치 (9),쇠고기(종류) : 국내산(한우)<br/>쇠고기 식육가공품 : 국내산<br/>돼지고기 : 국내산<br/>돼지고기 식육가공품 : 국내산<br/>닭고기 : 국내산<br/>닭고기 식육가공품 : 국내산<br/>오리고기 : 국내산<br/>오리고기 가공품 : 국내산<br/>쌀 : 국내산<br/>쌀 가공품 : 국내산<br/>배추 : 국내산<br/>배추 가공품 : 국내산<br/>고춧가루 : 국내산<br/>고춧가루 가공품 : 국내산<br/>콩 : 수입산<br/>콩 가공품 : 수입산<br/>낙지 : 중국산<br/>명태 : 러시아산<br/>명태 수산가공품 : 러시아산<br/>고등어 : 국내산<br/>갈치 : 국내산<br/>오징어 : 국내산<br/>꽃게 : 중국산<br/>참조기 : 국내산<br/>참조기 수산가공품 : 국내산<br/>다랑어 : 원양산<br/>다랑어 수산가공품 : 원양산<br/>아귀 : 국내산<br/>아귀 수산가공품 : 국내산<br/>주꾸미 : 베트남산<br/>주꾸미 수산가공품 : 베트남산<br/>비고 : ,825.1 Kcal,탄수화물(g) : 117.5<br/>단백질(g) : 46.8<br/>지방(g) : 16.4<br/>비타민A(R.E) : 126.2<br/>티아민(mg) : 0.7<br/>리보플라빈(mg) : 0.7<br/>비타민C(mg) : 11.0<br/>칼슘(mg) : 264.0<br/>철분(mg) : 5.1,20260527
K10,강원특별자치도교육청,7801185,춘천고등학교,3,석식,20260521,230.00,훈제오리볶음밥 (5)<br/>연두부계란국 (1.5)<br/>오이지무침 (13)<br/>피쉬앤칩스 (1.5.6.13)<br/>배추김치 (9)<br/>초당옥수수버터구이 (2.5),쇠고기(종류) : 국내산(한우)<br/>쇠고기 식육가공품 : 국내산<br/>돼지고기 : 국내산<br/>돼지고기 식육가공품 : 국내산<br/>닭고기 : 국내산<br/>닭고기 식육가공품 : 국내산<br/>오리고기 : 국내산<br/>오리고기 가공품 : 국내산<br/>쌀 : 국내산<br/>쌀 가공품 : 국내산<br/>배추 : 국내산<br/>배추 가공품 : 국내산<br/>고춧가루 : 국내산<br/>고춧가루 가공품 : 국내산<br/>콩 : 수입산<br/>콩 가공품 : 수입산<br/>낙지 : 중국산<br/>명태 : 러시아산<br/>명태 수산가공품 : 러시아산<br/>고등어 : 국내산<br/>갈치 : 국내산<br/>오징어 : 국내산<br/>꽃게 : 중국산<br/>참조기 : 국내산<br/>참조기 수산가공품 : 국내산<br/>다랑어 : 원양산<br/>다랑어 수산가공품 : 원양산<br/>아귀 : 국내산<br/>아귀 수산가공품 : 국내산<br/>주꾸미 : 베트남산<br/>주꾸미 수산가공품 : 베트남산<br/>비고 : ,965.3 Kcal,탄수화물(g) : 138.4<br/>단백질(g) : 34.8<br/>지방(g) : 29.0<br/>비타민A(R.E) : 170.7<br/>티아민(mg) : 0.5<br/>리보플라빈(mg) : 0.5<br/>비타민C(mg) : 24.0<br/>칼슘(mg) : 268.5<br/>철분(mg) : 4.1,20260528
K10,강원특별자치도교육청,7801185,춘천고등학교,3,석식,20260526,230.00,쌀밥 <br/>영양닭죽 (15)<br/>잡채 (5.6.10.13)<br/>부추장떡 (5.6)<br/>두부담은찰도그롤 (2.5.6.10.15)<br/>깍두기 (9),쇠고기(종류) : 국내산(한우)<br/>쇠고기 식육가공품 : 국내산<br/>돼지고기 : 국내산<br/>돼지고기 식육가공품 : 국내산<br/>닭고기 : 국내산<br/>닭고기 식육가공품 : 국내산<br/>오리고기 : 국내산<br/>오리고기 가공품 : 국내산<br/>쌀 : 국내산<br/>쌀 가공품 : 국내산<br/>배추 : 국내산<br/>배추 가공품 : 국내산<br/>고춧가루 : 국내산<br/>고춧가루 가공품 : 국내산<br/>콩 : 수입산<br/>콩 가공품 : 수입산<br/>낙지 : 중국산<br/>명태 : 러시아산<br/>명태 수산가공품 : 러시아산<br/>고등어 : 국내산<br/>갈치 : 국내산<br/>오징어 : 국내산<br/>꽃게 : 중국산<br/>참조기 : 국내산<br/>참조기 수산가공품 : 국내산<br/>다랑어 : 원양산<br/>다랑어 수산가공품 : 원양산<br/>아귀 : 국내산<br/>아귀 수산가공품 : 국내산<br/>주꾸미 : 베트남산<br/>주꾸미 수산가공품 : 베트남산<br/>비고 : ,925.4 Kcal,탄수화물(g) : 165.3<br/>단백질(g) : 28.1<br/>지방(g) : 15.1<br/>비타민A(R.E) : 170.7<br/>티아민(mg) : 0.5<br/>리보플라빈(mg) : 0.6<br/>비타민C(mg) : 15.9<br/>칼슘(mg) : 166.1<br/>철분(mg) : 3.8,20260602
K10,강원특별자치도교육청,7801185,춘천고등학교,3,석식,20260527,230.00,쌀밥 <br/>된장찌개 (5.6)<br/>궁채나물볶음 (5.6.13.18)<br/>떡라면사리 (1.2.5.6.10.13.15.16)<br/>불닭볶음 (5.6.13.15)<br/>배추김치 (9)<br/>도시락김 ,쇠고기(종류) : 국내산(한우)<br/>쇠고기 식육가공품 : 국내산<br/>돼지고기 : 국내산<br/>돼지고기 식육가공품 : 국내산<br/>닭고기 : 국내산<br/>닭고기 식육가공품 : 국내산<br/>오리고기 : 국내산<br/>오리고기 가공품 : 국내산<br/>쌀 : 국내산<br/>쌀 가공품 : 국내산<br/>배추 : 국내산<br/>배추 가공품 : 국내산<br/>고춧가루 : 국내산<br/>고춧가루 가공품 : 국내산<br/>콩 : 수입산<br/>콩 가공품 : 수입산<br/>낙지 : 중국산<br/>명태 : 러시아산<br/>명태 수산가공품 : 러시아산<br/>고등어 : 국내산<br/>갈치 : 국내산<br/>오징어 : 국내산<br/>꽃게 : 중국산<br/>참조기 : 국내산<br/>참조기 수산가공품 : 국내산<br/>다랑어 : 원양산<br/>다랑어 수산가공품 : 원양산<br/>아귀 : 국내산<br/>아귀 수산가공품 : 국내산<br/>주꾸미 : 베트남산<br/>주꾸미 수산가공품 : 베트남산<br/>비고 : ,907.2 Kcal,탄수화물(g) : 132.4<br/>단백질(g) : 51.8<br/>지방(g) : 17.5<br/>비타민A(R.E) : 230.0<br/>티아민(mg) : 0.5<br/>리보플라빈(mg) : 0.7<br/>비타민C(mg) : 13.2<br/>칼슘(mg) : 178.1<br/>철분(mg) : 4.5,20260603
K10,강원특별자치도교육청,7801185,춘천고등학교,3,석식,20260528,230.00,쌀밥 <br/>육개장칼국수 (5.6.13.16)<br/>고기만두찜 (1.5.6.10.16.18)<br/>양파장아찌 (5.6.13)<br/>차돌박이샐러드 (1.5.6.13.16)<br/>배추겉절이 (13),쇠고기(종류) : 국내산(한우)<br/>쇠고기 식육가공품 : 국내산<br/>돼지고기 : 국내산<br/>돼지고기 식육가공품 : 국내산<br/>닭고기 : 국내산<br/>닭고기 식육가공품 : 국내산<br/>오리고기 : 국내산<br/>오리고기 가공품 : 국내산<br/>쌀 : 국내산<br/>쌀 가공품 : 국내산<br/>배추 : 국내산<br/>배추 가공품 : 국내산<br/>고춧가루 : 국내산<br/>고춧가루 가공품 : 국내산<br/>콩 : 수입산<br/>콩 가공품 : 수입산<br/>낙지 : 중국산<br/>명태 : 러시아산<br/>명태 수산가공품 : 러시아산<br/>고등어 : 국내산<br/>갈치 : 국내산<br/>오징어 : 국내산<br/>꽃게 : 중국산<br/>참조기 : 국내산<br/>참조기 수산가공품 : 국내산<br/>다랑어 : 원양산<br/>다랑어 수산가공품 : 원양산<br/>아귀 : 국내산<br/>아귀 수산가공품 : 국내산<br/>주꾸미 : 베트남산<br/>주꾸미 수산가공품 : 베트남산<br/>비고 : ,967.8 Kcal,탄수화물(g) : 163.5<br/>단백질(g) : 34.2<br/>지방(g) : 17.0<br/>비타민A(R.E) : 113.3<br/>티아민(mg) : 0.5<br/>리보플라빈(mg) : 0.5<br/>비타민C(mg) : 34.9<br/>칼슘(mg) : 187.5<br/>철분(mg) : 5.3,20260604
K10,강원특별자치도교육청,7801185,춘천고등학교,3,석식,20260601,230.00,베이컨김치볶음밥 (1.5.6.9.10.13)<br/>유부가쓰오장국 (1.2.5.6.7.9.13.18)<br/>새콤달콤오이무침 (5.6.13)<br/>콥샐러드 (1.5.6.12.13)<br/>타워함박스테이크 (1.2.5.6.10.12.13.15.16)<br/>깍두기 (9),쇠고기(종류) : 국내산(한우)<br/>쇠고기 식육가공품 : 국내산<br/>돼지고기 : 국내산<br/>돼지고기 식육가공품 : 국내산<br/>닭고기 : 국내산<br/>닭고기 식육가공품 : 국내산<br/>오리고기 : 국내산<br/>오리고기 가공품 : 국내산<br/>쌀 : 국내산<br/>쌀 가공품 : 국내산<br/>배추 : 국내산<br/>배추 가공품 : 국내산<br/>고춧가루 : 국내산<br/>고춧가루 가공품 : 국내산<br/>콩 : 수입산<br/>콩 가공품 : 수입산<br/>낙지 : 중국산<br/>명태 : 러시아산<br/>명태 수산가공품 : 러시아산<br/>고등어 : 국내산<br/>갈치 : 국내산<br/>오징어 : 국내산<br/>꽃게 : 중국산<br/>참조기 : 국내산<br/>참조기 수산가공품 : 국내산<br/>다랑어 : 원양산<br/>다랑어 수산가공품 : 원양산<br/>아귀 : 국내산<br/>아귀 수산가공품 : 국내산<br/>주꾸미 : 베트남산<br/>주꾸미 수산가공품 : 베트남산<br/>비고 : ,949.7 Kcal,탄수화물(g) : 127.4<br/>단백질(g) : 29.9<br/>지방(g) : 36.2<br/>비타민A(R.E) : 122.5<br/>티아민(mg) : 1.3<br/>리보플라빈(mg) : 0.4<br/>비타민C(mg) : 40.4<br/>칼슘(mg) : 237.3<br/>철분(mg) : 4.2,20260608
K10,강원특별자치도교육청,7801185,춘천고등학교,3,석식,20260602,230.00,쌀밥 <br/>된장수제비 (5.6)<br/>시금치무침 (5.6)<br/>제육볶음 (5.6.10.13)<br/>분모자떡볶이 (1.5.6.13)<br/>배추김치 (9)<br/>초코칩트위스트 (1.2.5.6),쇠고기(종류) : 국내산(한우)<br/>쇠고기 식육가공품 : 국내산<br/>돼지고기 : 국내산<br/>돼지고기 식육가공품 : 국내산<br/>닭고기 : 국내산<br/>닭고기 식육가공품 : 국내산<br/>오리고기 : 국내산<br/>오리고기 가공품 : 국내산<br/>쌀 : 국내산<br/>쌀 가공품 : 국내산<br/>배추 : 국내산<br/>배추 가공품 : 국내산<br/>고춧가루 : 국내산<br/>고춧가루 가공품 : 국내산<br/>콩 : 수입산<br/>콩 가공품 : 수입산<br/>낙지 : 중국산<br/>명태 : 러시아산<br/>명태 수산가공품 : 러시아산<br/>고등어 : 국내산<br/>갈치 : 국내산<br/>오징어 : 국내산<br/>꽃게 : 중국산<br/>참조기 : 국내산<br/>참조기 수산가공품 : 국내산<br/>다랑어 : 원양산<br/>다랑어 수산가공품 : 원양산<br/>아귀 : 국내산<br/>아귀 수산가공품 : 국내산<br/>주꾸미 : 베트남산<br/>주꾸미 수산가공품 : 베트남산<br/>비고 : ,1571.2 Kcal,탄수화물(g) : 269.2<br/>단백질(g) : 51.4<br/>지방(g) : 31.3<br/>비타민A(R.E) : 307.9<br/>티아민(mg) : 1.2<br/>리보플라빈(mg) : 0.9<br/>비타민C(mg) : 33.0<br/>칼슘(mg) : 393.3<br/>철분(mg) : 11.6,20260609
K10,강원특별자치도교육청,7801185,춘천고등학교,3,석식,20260608,230.00,쌀밥 <br/>쇠고기미역국 (16)<br/>안동찜닭 (5.6.13.15)<br/>콩나물무침 (5)<br/>크리스피두부강정 (1.4.5.6.12.13)<br/>배추김치 (9)<br/>포도주스 (13),쇠고기(종류) : 국내산(한우)<br/>쇠고기 식육가공품 : 국내산<br/>돼지고기 : 국내산<br/>돼지고기 식육가공품 : 국내산<br/>닭고기 : 국내산<br/>닭고기 식육가공품 : 국내산<br/>오리고기 : 국내산<br/>오리고기 가공품 : 국내산<br/>쌀 : 국내산<br/>쌀 가공품 : 국내산<br/>배추 : 국내산<br/>배추 가공품 : 국내산<br/>고춧가루 : 국내산<br/>고춧가루 가공품 : 국내산<br/>콩 : 수입산<br/>콩 가공품 : 수입산<br/>낙지 : 중국산<br/>명태 : 러시아산<br/>명태 수산가공품 : 러시아산<br/>고등어 : 국내산<br/>갈치 : 국내산<br/>오징어 : 국내산<br/>꽃게 : 중국산<br/>참조기 : 국내산<br/>참조기 수산가공품 : 국내산<br/>다랑어 : 원양산<br/>다랑어 수산가공품 : 원양산<br/>아귀 : 국내산<br/>아귀 수산가공품 : 국내산<br/>주꾸미 : 베트남산<br/>주꾸미 수산가공품 : 베트남산<br/>비고 : ,1047.9 Kcal,탄수화물(g) : 139.0<br/>단백질(g) : 52.8<br/>지방(g) : 30.4<br/>비타민A(R.E) : 113.0<br/>티아민(mg) : 0.4<br/>리보플라빈(mg) : 0.5<br/>비타민C(mg) : 6.2<br/>칼슘(mg) : 200.3<br/>철분(mg) : 4.4,20260615
K10,강원특별자치도교육청,7801185,춘천고등학교,3,석식,20260609,230.00,쌀밥 <br/>차돌고추장찌개 (5.6.16)<br/>부추무침*쌈무 (5.6.13)<br/>훈제오리구이*머스터드소스 (1.5.6.13)<br/>배추김치 (9)<br/>딸기요거트스무디 (2.5.6),쇠고기(종류) : 국내산(한우)<br/>쇠고기 식육가공품 : 국내산<br/>돼지고기 : 국내산<br/>돼지고기 식육가공품 : 국내산<br/>닭고기 : 국내산<br/>닭고기 식육가공품 : 국내산<br/>오리고기 : 국내산<br/>오리고기 가공품 : 국내산<br/>쌀 : 국내산<br/>쌀 가공품 : 국내산<br/>배추 : 국내산<br/>배추 가공품 : 국내산<br/>고춧가루 : 국내산<br/>고춧가루 가공품 : 국내산<br/>콩 : 수입산<br/>콩 가공품 : 수입산<br/>낙지 : 중국산<br/>명태 : 러시아산<br/>명태 수산가공품 : 러시아산<br/>고등어 : 국내산<br/>갈치 : 국내산<br/>오징어 : 국내산<br/>꽃게 : 중국산<br/>참조기 : 국내산<br/>참조기 수산가공품 : 국내산<br/>다랑어 : 원양산<br/>다랑어 수산가공품 : 원양산<br/>아귀 : 국내산<br/>아귀 수산가공품 : 국내산<br/>주꾸미 : 베트남산<br/>주꾸미 수산가공품 : 베트남산<br/>비고 : ,1140.3 Kcal,탄수화물(g) : 102.3<br/>단백질(g) : 49.2<br/>지방(g) : 58.6<br/>비타민A(R.E) : 224.5<br/>티아민(mg) : 0.8<br/>리보플라빈(mg) : 1.1<br/>비타민C(mg) : 92.1<br/>칼슘(mg) : 210.7<br/>철분(mg) : 3.5,20260616
K10,강원특별자치도교육청,7801185,춘천고등학교,3,석식,20260610,230.00,불족발덮밥 (10)<br/>미소된장국 (5.6)<br/>중화풍물만두 (1.5.6.10.12.13.16.18)<br/>땅콩버터오이탕탕이 (2.4.5.6.13)<br/>배추김치 (9)<br/>파인애플슬러시 (13),쇠고기(종류) : 국내산(한우)<br/>쇠고기 식육가공품 : 국내산<br/>돼지고기 : 국내산<br/>돼지고기 식육가공품 : 국내산<br/>닭고기 : 국내산<br/>닭고기 식육가공품 : 국내산<br/>오리고기 : 국내산<br/>오리고기 가공품 : 국내산<br/>쌀 : 국내산<br/>쌀 가공품 : 국내산<br/>배추 : 국내산<br/>배추 가공품 : 국내산<br/>고춧가루 : 국내산<br/>고춧가루 가공품 : 국내산<br/>콩 : 수입산<br/>콩 가공품 : 수입산<br/>낙지 : 중국산<br/>명태 : 러시아산<br/>명태 수산가공품 : 러시아산<br/>고등어 : 국내산<br/>갈치 : 국내산<br/>오징어 : 국내산<br/>꽃게 : 중국산<br/>참조기 : 국내산<br/>참조기 수산가공품 : 국내산<br/>다랑어 : 원양산<br/>다랑어 수산가공품 : 원양산<br/>아귀 : 국내산<br/>아귀 수산가공품 : 국내산<br/>주꾸미 : 베트남산<br/>주꾸미 수산가공품 : 베트남산<br/>비고 : ,873.3 Kcal,탄수화물(g) : 110.1<br/>단백질(g) : 46.9<br/>지방(g) : 27.1<br/>비타민A(R.E) : 85.7<br/>티아민(mg) : 0.7<br/>리보플라빈(mg) : 0.7<br/>비타민C(mg) : 31.9<br/>칼슘(mg) : 332.1<br/>철분(mg) : 8.1,20260617
K10,강원특별자치도교육청,7801185,춘천고등학교,3,석식,20260611,230.00,쌀밥 <br/>투움바파스타 (1.2.5.6.9.10.13.16)<br/>오이피클 <br/>브로콜리참깨소스무침 (1.5)<br/>목살찹스테이크 (1.2.5.6.10.12.13.16.18)<br/>배추김치 (9)<br/>모닝빵*콩포트 (1.2.5.6.13),쇠고기(종류) : 국내산(한우)<br/>쇠고기 식육가공품 : 국내산<br/>돼지고기 : 국내산<br/>돼지고기 식육가공품 : 국내산<br/>닭고기 : 국내산<br/>닭고기 식육가공품 : 국내산<br/>오리고기 : 국내산<br/>오리고기 가공품 : 국내산<br/>쌀 : 국내산<br/>쌀 가공품 : 국내산<br/>배추 : 국내산<br/>배추 가공품 : 국내산<br/>고춧가루 : 국내산<br/>고춧가루 가공품 : 국내산<br/>콩 : 수입산<br/>콩 가공품 : 수입산<br/>낙지 : 중국산<br/>명태 : 러시아산<br/>명태 수산가공품 : 러시아산<br/>고등어 : 국내산<br/>갈치 : 국내산<br/>오징어 : 국내산<br/>꽃게 : 중국산<br/>참조기 : 국내산<br/>참조기 수산가공품 : 국내산<br/>다랑어 : 원양산<br/>다랑어 수산가공품 : 원양산<br/>아귀 : 국내산<br/>아귀 수산가공품 : 국내산<br/>주꾸미 : 베트남산<br/>주꾸미 수산가공품 : 베트남산<br/>비고 : ,1642.2 Kcal,탄수화물(g) : 240.6<br/>단백질(g) : 65.9<br/>지방(g) : 44.3<br/>비타민A(R.E) : 141.2<br/>티아민(mg) : 3.0<br/>리보플라빈(mg) : 1.2<br/>비타민C(mg) : 49.3<br/>칼슘(mg) : 235.2<br/>철분(mg) : 6.4,20260618
K10,강원특별자치도교육청,7801185,춘천고등학교,3,석식,20260615,230.00,쌀밥 <br/>우거지장터국밥 (5.6.13.16)<br/>매콤돼지갈비찜 (2.5.6.10.13)<br/>미역줄기볶음 (5)<br/>야채계란말이 (1.2.5.6.10.12.15.16)<br/>깍두기 (9)<br/>사과주스 (13),쇠고기(종류) : 국내산(한우)<br/>쇠고기 식육가공품 : 국내산<br/>돼지고기 : 국내산<br/>돼지고기 식육가공품 : 국내산<br/>닭고기 : 국내산<br/>닭고기 식육가공품 : 국내산<br/>오리고기 : 국내산<br/>오리고기 가공품 : 국내산<br/>쌀 : 국내산<br/>쌀 가공품 : 국내산<br/>배추 : 국내산<br/>배추 가공품 : 국내산<br/>고춧가루 : 국내산<br/>고춧가루 가공품 : 국내산<br/>콩 : 수입산<br/>콩 가공품 : 수입산<br/>낙지 : 중국산<br/>명태 : 러시아산<br/>명태 수산가공품 : 러시아산<br/>고등어 : 국내산<br/>갈치 : 국내산<br/>오징어 : 국내산<br/>꽃게 : 중국산<br/>참조기 : 국내산<br/>참조기 수산가공품 : 국내산<br/>다랑어 : 원양산<br/>다랑어 수산가공품 : 원양산<br/>아귀 : 국내산<br/>아귀 수산가공품 : 국내산<br/>주꾸미 : 베트남산<br/>주꾸미 수산가공품 : 베트남산<br/>비고 : ,902.4 Kcal,탄수화물(g) : 110.2<br/>단백질(g) : 48.5<br/>지방(g) : 28.5<br/>비타민A(R.E) : 321.3<br/>티아민(mg) : 0.9<br/>리보플라빈(mg) : 1.1<br/>비타민C(mg) : 58.0<br/>칼슘(mg) : 244.1<br/>철분(mg) : 6.0,20260622
K10,강원특별자치도교육청,7801185,춘천고등학교,3,석식,20260616,230.00,더블불고기버거 (1.2.5.6.10.13.15.16.18)<br/>감자튀김 (5.6)<br/>닭다리후라이드 (1.5.6.15.18)<br/>배추김치 (9)<br/>양배추코울슬로 (1.2.5.6.13)<br/>탄산음료 ,쇠고기(종류) : 국내산(한우)<br/>쇠고기 식육가공품 : 국내산<br/>돼지고기 : 국내산<br/>돼지고기 식육가공품 : 국내산<br/>닭고기 : 국내산<br/>닭고기 식육가공품 : 국내산<br/>오리고기 : 국내산<br/>오리고기 가공품 : 국내산<br/>쌀 : 국내산<br/>쌀 가공품 : 국내산<br/>배추 : 국내산<br/>배추 가공품 : 국내산<br/>고춧가루 : 국내산<br/>고춧가루 가공품 : 국내산<br/>콩 : 수입산<br/>콩 가공품 : 수입산<br/>낙지 : 중국산<br/>명태 : 러시아산<br/>명태 수산가공품 : 러시아산<br/>고등어 : 국내산<br/>갈치 : 국내산<br/>오징어 : 국내산<br/>꽃게 : 중국산<br/>참조기 : 국내산<br/>참조기 수산가공품 : 국내산<br/>다랑어 : 원양산<br/>다랑어 수산가공품 : 원양산<br/>아귀 : 국내산<br/>아귀 수산가공품 : 국내산<br/>주꾸미 : 베트남산<br/>주꾸미 수산가공품 : 베트남산<br/>비고 : ,1795.3 Kcal,탄수화물(g) : 202.5<br/>단백질(g) : 62.6<br/>지방(g) : 80.8<br/>비타민A(R.E) : 165.7<br/>티아민(mg) : 0.8<br/>리보플라빈(mg) : 0.6<br/>비타민C(mg) : 20.4<br/>칼슘(mg) : 442.7<br/>철분(mg) : 6.4,20260623
K10,강원특별자치도교육청,7801185,춘천고등학교,3,석식,20260617,230.00,쌀밥 <br/>얼큰순대국 (2.5.6.10.13.16)<br/>양파장아찌 (5.6.13)<br/>닭가슴살겨자냉채 (5.6.13.15)<br/>해물파전 (2.5.6.9.13.17.18)<br/>깍두기 (9)<br/>요거트 (2),쇠고기(종류) : 국내산(한우)<br/>쇠고기 식육가공품 : 국내산<br/>돼지고기 : 국내산<br/>돼지고기 식육가공품 : 국내산<br/>닭고기 : 국내산<br/>닭고기 식육가공품 : 국내산<br/>오리고기 : 국내산<br/>오리고기 가공품 : 국내산<br/>쌀 : 국내산<br/>쌀 가공품 : 국내산<br/>배추 : 국내산<br/>배추 가공품 : 국내산<br/>고춧가루 : 국내산<br/>고춧가루 가공품 : 국내산<br/>콩 : 수입산<br/>콩 가공품 : 수입산<br/>낙지 : 중국산<br/>명태 : 러시아산<br/>명태 수산가공품 : 러시아산<br/>고등어 : 국내산<br/>갈치 : 국내산<br/>오징어 : 국내산<br/>꽃게 : 중국산<br/>참조기 : 국내산<br/>참조기 수산가공품 : 국내산<br/>다랑어 : 원양산<br/>다랑어 수산가공품 : 원양산<br/>아귀 : 국내산<br/>아귀 수산가공품 : 국내산<br/>주꾸미 : 베트남산<br/>주꾸미 수산가공품 : 베트남산<br/>비고 : ,922.9 Kcal,탄수화물(g) : 157.8<br/>단백질(g) : 35.6<br/>지방(g) : 16.4<br/>비타민A(R.E) : 104.7<br/>티아민(mg) : 0.8<br/>리보플라빈(mg) : 0.6<br/>비타민C(mg) : 22.7<br/>칼슘(mg) : 297.3<br/>철분(mg) : 6.1,20260624
K10,강원특별자치도교육청,7801185,춘천고등학교,3,석식,20260618,230.00,카레라이스 (2.5.6.10.12.13.16.18)<br/>유부가쓰오장국 (1.2.5.6.7.9.13.18)<br/>오리엔탈파스타 (1.2.5.6.12.13)<br/>왕돈까스*소스 (1.2.5.6.10.12.13.16)<br/>배추김치 (9)<br/>우유아이스크림 (1.2.5),쇠고기(종류) : 국내산(한우)<br/>쇠고기 식육가공품 : 국내산<br/>돼지고기 : 국내산<br/>돼지고기 식육가공품 : 국내산<br/>닭고기 : 국내산<br/>닭고기 식육가공품 : 국내산<br/>오리고기 : 국내산<br/>오리고기 가공품 : 국내산<br/>쌀 : 국내산<br/>쌀 가공품 : 국내산<br/>배추 : 국내산<br/>배추 가공품 : 국내산<br/>고춧가루 : 국내산<br/>고춧가루 가공품 : 국내산<br/>콩 : 수입산<br/>콩 가공품 : 수입산<br/>낙지 : 중국산<br/>명태 : 러시아산<br/>명태 수산가공품 : 러시아산<br/>고등어 : 국내산<br/>갈치 : 국내산<br/>오징어 : 국내산<br/>꽃게 : 중국산<br/>참조기 : 국내산<br/>참조기 수산가공품 : 국내산<br/>다랑어 : 원양산<br/>다랑어 수산가공품 : 원양산<br/>아귀 : 국내산<br/>아귀 수산가공품 : 국내산<br/>주꾸미 : 베트남산<br/>주꾸미 수산가공품 : 베트남산<br/>비고 : ,1477.7 Kcal,탄수화물(g) : 173.6<br/>단백질(g) : 37.6<br/>지방(g) : 72.0<br/>비타민A(R.E) : 331.6<br/>티아민(mg) : 0.8<br/>리보플라빈(mg) : 0.5<br/>비타민C(mg) : 22.2<br/>칼슘(mg) : 401.7<br/>철분(mg) : 4.7,20260625
K10,강원특별자치도교육청,7801185,춘천고등학교,3,석식,20260622,230.00,쌀밥 <br/>부대찌개*쫄면사리 (1.2.5.6.9.10.13.15.16)<br/>취나물고추장무침 (5.6)<br/>찹쌀탕수육 (1.5.6.10.11)<br/>갈치구이 (5.6)<br/>깍두기 (9),쇠고기(종류) : 국내산(한우)<br/>쇠고기 식육가공품 : 국내산<br/>돼지고기 : 국내산<br/>돼지고기 식육가공품 : 국내산<br/>닭고기 : 국내산<br/>닭고기 식육가공품 : 국내산<br/>오리고기 : 국내산<br/>오리고기 가공품 : 국내산<br/>쌀 : 국내산<br/>쌀 가공품 : 국내산<br/>배추 : 국내산<br/>배추 가공품 : 국내산<br/>고춧가루 : 국내산<br/>고춧가루 가공품 : 국내산<br/>콩 : 수입산<br/>콩 가공품 : 수입산<br/>낙지 : 중국산<br/>명태 : 러시아산<br/>명태 수산가공품 : 러시아산<br/>고등어 : 국내산<br/>갈치 : 국내산<br/>오징어 : 국내산<br/>꽃게 : 중국산<br/>참조기 : 국내산<br/>참조기 수산가공품 : 국내산<br/>다랑어 : 원양산<br/>다랑어 수산가공품 : 원양산<br/>아귀 : 국내산<br/>아귀 수산가공품 : 국내산<br/>주꾸미 : 베트남산<br/>주꾸미 수산가공품 : 베트남산<br/>비고 : ,1262.5 Kcal,탄수화물(g) : 130.2<br/>단백질(g) : 47.5<br/>지방(g) : 59.3<br/>비타민A(R.E) : 171.5<br/>티아민(mg) : 0.8<br/>리보플라빈(mg) : 0.8<br/>비타민C(mg) : 31.9<br/>칼슘(mg) : 190.0<br/>철분(mg) : 13.7,20260629
K10,강원특별자치도교육청,7801185,춘천고등학교,3,석식,20260623,230.00,쌀밥 <br/>전복죽 (18)<br/>사태수육 (5.6.10.13)<br/>상추파채무침 (5.6.13)<br/>배추겉절이 (13)<br/>황도절임 (11),쇠고기(종류) : 국내산(한우)<br/>쇠고기 식육가공품 : 국내산<br/>돼지고기 : 국내산<br/>돼지고기 식육가공품 : 국내산<br/>닭고기 : 국내산<br/>닭고기 식육가공품 : 국내산<br/>오리고기 : 국내산<br/>오리고기 가공품 : 국내산<br/>쌀 : 국내산<br/>쌀 가공품 : 국내산<br/>배추 : 국내산<br/>배추 가공품 : 국내산<br/>고춧가루 : 국내산<br/>고춧가루 가공품 : 국내산<br/>콩 : 수입산<br/>콩 가공품 : 수입산<br/>낙지 : 중국산<br/>명태 : 러시아산<br/>명태 수산가공품 : 러시아산<br/>고등어 : 국내산<br/>갈치 : 국내산<br/>오징어 : 국내산<br/>꽃게 : 중국산<br/>참조기 : 국내산<br/>참조기 수산가공품 : 국내산<br/>다랑어 : 원양산<br/>다랑어 수산가공품 : 원양산<br/>아귀 : 국내산<br/>아귀 수산가공품 : 국내산<br/>주꾸미 : 베트남산<br/>주꾸미 수산가공품 : 베트남산<br/>비고 : ,929.3 Kcal,탄수화물(g) : 129.9<br/>단백질(g) : 52.4<br/>지방(g) : 18.5<br/>비타민A(R.E) : 107.1<br/>티아민(mg) : 1.3<br/>리보플라빈(mg) : 1.0<br/>비타민C(mg) : 22.8<br/>칼슘(mg) : 119.7<br/>철분(mg) : 14.8,20260630
K10,강원특별자치도교육청,7801185,춘천고등학교,3,석식,20260624,230.00,쌀밥 <br/>사골떡국 (1.16)<br/>두부찜 (5)<br/>브로콜리숙회*초장 (5.6)<br/>김치제육두루치기 (5.6.9.10.13)<br/>깍두기 (9)<br/>요구르트 (2),쇠고기(종류) : 국내산(한우)<br/>쇠고기 식육가공품 : 국내산<br/>돼지고기 : 국내산<br/>돼지고기 식육가공품 : 국내산<br/>닭고기 : 국내산<br/>닭고기 식육가공품 : 국내산<br/>오리고기 : 국내산<br/>오리고기 가공품 : 국내산<br/>쌀 : 국내산<br/>쌀 가공품 : 국내산<br/>배추 : 국내산<br/>배추 가공품 : 국내산<br/>고춧가루 : 국내산<br/>고춧가루 가공품 : 국내산<br/>콩 : 수입산<br/>콩 가공품 : 수입산<br/>낙지 : 중국산<br/>명태 : 러시아산<br/>명태 수산가공품 : 러시아산<br/>고등어 : 국내산<br/>갈치 : 국내산<br/>오징어 : 국내산<br/>꽃게 : 중국산<br/>참조기 : 국내산<br/>참조기 수산가공품 : 국내산<br/>다랑어 : 원양산<br/>다랑어 수산가공품 : 원양산<br/>아귀 : 국내산<br/>아귀 수산가공품 : 국내산<br/>주꾸미 : 베트남산<br/>주꾸미 수산가공품 : 베트남산<br/>비고 : ,967.5 Kcal,탄수화물(g) : 111.9<br/>단백질(g) : 60.1<br/>지방(g) : 30.2<br/>비타민A(R.E) : 114.0<br/>티아민(mg) : 1.1<br/>리보플라빈(mg) : 0.9<br/>비타민C(mg) : 28.0<br/>칼슘(mg) : 222.8<br/>철분(mg) : 6.2,20260701
K10,강원특별자치도교육청,7801185,춘천고등학교,3,석식,20260625,230.00,쌀밥 <br/>쇠고기무국 (16)<br/>열무된장무침 (5.6)<br/>닭갈비 (2.5.6.12.13.15.16.18)<br/>메밀김치전병 (2.3.5.6.16.18)<br/>배추김치 (9)<br/>화이팅초콜릿 (2.5),쇠고기(종류) : 국내산(한우)<br/>쇠고기 식육가공품 : 국내산<br/>돼지고기 : 국내산<br/>돼지고기 식육가공품 : 국내산<br/>닭고기 : 국내산<br/>닭고기 식육가공품 : 국내산<br/>오리고기 : 국내산<br/>오리고기 가공품 : 국내산<br/>쌀 : 국내산<br/>쌀 가공품 : 국내산<br/>배추 : 국내산<br/>배추 가공품 : 국내산<br/>고춧가루 : 국내산<br/>고춧가루 가공품 : 국내산<br/>콩 : 수입산<br/>콩 가공품 : 수입산<br/>낙지 : 중국산<br/>명태 : 러시아산<br/>명태 수산가공품 : 러시아산<br/>고등어 : 국내산<br/>갈치 : 국내산<br/>오징어 : 국내산<br/>꽃게 : 중국산<br/>참조기 : 국내산<br/>참조기 수산가공품 : 국내산<br/>다랑어 : 원양산<br/>다랑어 수산가공품 : 원양산<br/>아귀 : 국내산<br/>아귀 수산가공품 : 국내산<br/>주꾸미 : 베트남산<br/>주꾸미 수산가공품 : 베트남산<br/>비고 : ,1099.2 Kcal,탄수화물(g) : 140.5<br/>단백질(g) : 49.5<br/>지방(g) : 36.0<br/>비타민A(R.E) : 201.6<br/>티아민(mg) : 0.6<br/>리보플라빈(mg) : 0.7<br/>비타민C(mg) : 15.2<br/>칼슘(mg) : 268.2<br/>철분(mg) : 5.0,20260702
K10,강원특별자치도교육청,7801185,춘천고등학교,3,석식,20260706,230.00,깍두기볶음밥 (1.2.5.6.9.10.13.15.16.18)<br/>물만두국 (1.5.6.10.16.18)<br/>크래커감자샐러드 (1.2.5.6.10.13)<br/>미역줄기볶음 (5)<br/>숯불닭꼬치구이 (5.6.13.15)<br/>배추김치 (9),쇠고기(종류) : 국내산(한우)<br/>쇠고기 식육가공품 : 국내산<br/>돼지고기 : 국내산<br/>돼지고기 식육가공품 : 국내산<br/>닭고기 : 국내산<br/>닭고기 식육가공품 : 국내산<br/>오리고기 : 국내산<br/>오리고기 가공품 : 국내산<br/>쌀 : 국내산<br/>쌀 가공품 : 국내산<br/>배추 : 국내산<br/>배추 가공품 : 국내산<br/>고춧가루 : 국내산<br/>고춧가루 가공품 : 국내산<br/>콩 : 수입산<br/>콩 가공품 : 수입산<br/>낙지 : 중국산<br/>명태 : 러시아산<br/>명태 수산가공품 : 러시아산<br/>고등어 : 국내산<br/>갈치 : 국내산<br/>오징어 : 국내산<br/>꽃게 : 중국산<br/>참조기 : 국내산<br/>참조기 수산가공품 : 국내산<br/>다랑어 : 원양산<br/>다랑어 수산가공품 : 원양산<br/>아귀 : 국내산<br/>아귀 수산가공품 : 국내산<br/>주꾸미 : 베트남산<br/>주꾸미 수산가공품 : 베트남산<br/>비고 : ,1066.4 Kcal,탄수화물(g) : 133.2<br/>단백질(g) : 49.3<br/>지방(g) : 37.2<br/>비타민A(R.E) : 171.0<br/>티아민(mg) : 1.0<br/>리보플라빈(mg) : 0.8<br/>비타민C(mg) : 17.3<br/>칼슘(mg) : 271.5<br/>철분(mg) : 20.8,20260713
K10,강원특별자치도교육청,7801185,춘천고등학교,3,석식,20260707,230.00,쌀밥 <br/>뼈없는시래기감자탕 (5.6.10.16)<br/>팽이두부조림 (5.6.13)<br/>참나물무침 <br/>닭볶음탕 (5.6.13.15)<br/>배추김치 (9)<br/>수박 ,쇠고기(종류) : 국내산(한우)<br/>쇠고기 식육가공품 : 국내산<br/>돼지고기 : 국내산<br/>돼지고기 식육가공품 : 국내산<br/>닭고기 : 국내산<br/>닭고기 식육가공품 : 국내산<br/>오리고기 : 국내산<br/>오리고기 가공품 : 국내산<br/>쌀 : 국내산<br/>쌀 가공품 : 국내산<br/>배추 : 국내산<br/>배추 가공품 : 국내산<br/>고춧가루 : 국내산<br/>고춧가루 가공품 : 국내산<br/>콩 : 수입산<br/>콩 가공품 : 수입산<br/>낙지 : 중국산<br/>명태 : 러시아산<br/>명태 수산가공품 : 러시아산<br/>고등어 : 국내산<br/>갈치 : 국내산<br/>오징어 : 국내산<br/>꽃게 : 중국산<br/>참조기 : 국내산<br/>참조기 수산가공품 : 국내산<br/>다랑어 : 원양산<br/>다랑어 수산가공품 : 원양산<br/>아귀 : 국내산<br/>아귀 수산가공품 : 국내산<br/>주꾸미 : 베트남산<br/>주꾸미 수산가공품 : 베트남산<br/>비고 : ,1019.0 Kcal,탄수화물(g) : 100.4<br/>단백질(g) : 75.4<br/>지방(g) : 33.2<br/>비타민A(R.E) : 300.6<br/>티아민(mg) : 1.2<br/>리보플라빈(mg) : 0.9<br/>비타민C(mg) : 14.9<br/>칼슘(mg) : 205.2<br/>철분(mg) : 6.2,20260714
K10,강원특별자치도교육청,7801185,춘천고등학교,3,석식,20260708,230.00,쌀밥 <br/>된장소면 (5.6)<br/>콩나물무침 (5)<br/>냉삼구이*새송이버섯구이 (10)<br/>파절임*쌈장 (5.6.13)<br/>배추김치 (9)<br/>구슬아이스크림 (1.2.5),쇠고기(종류) : 국내산(한우)<br/>쇠고기 식육가공품 : 국내산<br/>돼지고기 : 국내산<br/>돼지고기 식육가공품 : 국내산<br/>닭고기 : 국내산<br/>닭고기 식육가공품 : 국내산<br/>오리고기 : 국내산<br/>오리고기 가공품 : 국내산<br/>쌀 : 국내산<br/>쌀 가공품 : 국내산<br/>배추 : 국내산<br/>배추 가공품 : 국내산<br/>고춧가루 : 국내산<br/>고춧가루 가공품 : 국내산<br/>콩 : 수입산<br/>콩 가공품 : 수입산<br/>낙지 : 중국산<br/>명태 : 러시아산<br/>명태 수산가공품 : 러시아산<br/>고등어 : 국내산<br/>갈치 : 국내산<br/>오징어 : 국내산<br/>꽃게 : 중국산<br/>참조기 : 국내산<br/>참조기 수산가공품 : 국내산<br/>다랑어 : 원양산<br/>다랑어 수산가공품 : 원양산<br/>아귀 : 국내산<br/>아귀 수산가공품 : 국내산<br/>주꾸미 : 베트남산<br/>주꾸미 수산가공품 : 베트남산<br/>비고 : ,1417.5 Kcal,탄수화물(g) : 110.2<br/>단백질(g) : 47.5<br/>지방(g) : 82.8<br/>비타민A(R.E) : 140.5<br/>티아민(mg) : 1.3<br/>리보플라빈(mg) : 0.8<br/>비타민C(mg) : 9.5<br/>칼슘(mg) : 210.2<br/>철분(mg) : 4.7,20260715
K10,강원특별자치도교육청,7801185,춘천고등학교,3,석식,20260709,230.00,쌀밥 <br/>쇠고기미역국 (16)<br/>비엔나감자조림 (2.5.6.10.13.15.16)<br/>도토리묵*양념간장 (5.6)<br/>제육볶음 (5.6.10.13)<br/>깍두기 (9)<br/>골드키위푸딩 ,쇠고기(종류) : 국내산(한우)<br/>쇠고기 식육가공품 : 국내산<br/>돼지고기 : 국내산<br/>돼지고기 식육가공품 : 국내산<br/>닭고기 : 국내산<br/>닭고기 식육가공품 : 국내산<br/>오리고기 : 국내산<br/>오리고기 가공품 : 국내산<br/>쌀 : 국내산<br/>쌀 가공품 : 국내산<br/>배추 : 국내산<br/>배추 가공품 : 국내산<br/>고춧가루 : 국내산<br/>고춧가루 가공품 : 국내산<br/>콩 : 수입산<br/>콩 가공품 : 수입산<br/>낙지 : 중국산<br/>명태 : 러시아산<br/>명태 수산가공품 : 러시아산<br/>고등어 : 국내산<br/>갈치 : 국내산<br/>오징어 : 국내산<br/>꽃게 : 중국산<br/>참조기 : 국내산<br/>참조기 수산가공품 : 국내산<br/>다랑어 : 원양산<br/>다랑어 수산가공품 : 원양산<br/>아귀 : 국내산<br/>아귀 수산가공품 : 국내산<br/>주꾸미 : 베트남산<br/>주꾸미 수산가공품 : 베트남산<br/>비고 : ,905.0 Kcal,탄수화물(g) : 109.0<br/>단백질(g) : 53.3<br/>지방(g) : 26.7<br/>비타민A(R.E) : 68.4<br/>티아민(mg) : 1.1<br/>리보플라빈(mg) : 0.6<br/>비타민C(mg) : 23.5<br/>칼슘(mg) : 159.3<br/>철분(mg) : 3.9,20260716
K10,강원특별자치도교육청,7801185,춘천고등학교,3,석식,20260713,230.00,쌀밥 <br/>닭개장 (1.5.6.13.15)<br/>건파래자반 <br/>양파장아찌 (5.6.13)<br/>돼지갈비김치찜 (5.6.9.10.13)<br/>깍두기 (9)<br/>망고주스 (13),쇠고기(종류) : 국내산(한우)<br/>쇠고기 식육가공품 : 국내산<br/>돼지고기 : 국내산<br/>돼지고기 식육가공품 : 국내산<br/>닭고기 : 국내산<br/>닭고기 식육가공품 : 국내산<br/>오리고기 : 국내산<br/>오리고기 가공품 : 국내산<br/>쌀 : 국내산<br/>쌀 가공품 : 국내산<br/>배추 : 국내산<br/>배추 가공품 : 국내산<br/>고춧가루 : 국내산<br/>고춧가루 가공품 : 국내산<br/>콩 : 수입산<br/>콩 가공품 : 수입산<br/>낙지 : 중국산<br/>명태 : 러시아산<br/>명태 수산가공품 : 러시아산<br/>고등어 : 국내산<br/>갈치 : 국내산<br/>오징어 : 국내산<br/>꽃게 : 중국산<br/>참조기 : 국내산<br/>참조기 수산가공품 : 국내산<br/>다랑어 : 원양산<br/>다랑어 수산가공품 : 원양산<br/>아귀 : 국내산<br/>아귀 수산가공품 : 국내산<br/>주꾸미 : 베트남산<br/>주꾸미 수산가공품 : 베트남산<br/>비고 : ,978.7 Kcal,탄수화물(g) : 94.9<br/>단백질(g) : 58.9<br/>지방(g) : 37.3<br/>비타민A(R.E) : 164.8<br/>티아민(mg) : 1.3<br/>리보플라빈(mg) : 0.8<br/>비타민C(mg) : 39.9<br/>칼슘(mg) : 175.1<br/>철분(mg) : 3.8,20260720
K10,강원특별자치도교육청,7801185,춘천고등학교,3,석식,20260714,230.00,유니짜장밥 (1.5.6.10.13.16)<br/>계란국 (1.5.6)<br/>단무지 <br/>마파두부볶음면 (5.6.10.12.13.18)<br/>매콤사천탕수육 (1.5.6.10.12.13.18)<br/>배추김치 (9)<br/>요구르트 (2),쇠고기(종류) : 국내산(한우)<br/>쇠고기 식육가공품 : 국내산<br/>돼지고기 : 국내산<br/>돼지고기 식육가공품 : 국내산<br/>닭고기 : 국내산<br/>닭고기 식육가공품 : 국내산<br/>오리고기 : 국내산<br/>오리고기 가공품 : 국내산<br/>쌀 : 국내산<br/>쌀 가공품 : 국내산<br/>배추 : 국내산<br/>배추 가공품 : 국내산<br/>고춧가루 : 국내산<br/>고춧가루 가공품 : 국내산<br/>콩 : 수입산<br/>콩 가공품 : 수입산<br/>낙지 : 중국산<br/>명태 : 러시아산<br/>명태 수산가공품 : 러시아산<br/>고등어 : 국내산<br/>갈치 : 국내산<br/>오징어 : 국내산<br/>꽃게 : 중국산<br/>참조기 : 국내산<br/>참조기 수산가공품 : 국내산<br/>다랑어 : 원양산<br/>다랑어 수산가공품 : 원양산<br/>아귀 : 국내산<br/>아귀 수산가공품 : 국내산<br/>주꾸미 : 베트남산<br/>주꾸미 수산가공품 : 베트남산<br/>비고 : ,973.9 Kcal,탄수화물(g) : 138.8<br/>단백질(g) : 34.6<br/>지방(g) : 31.0<br/>비타민A(R.E) : 100.0<br/>티아민(mg) : 0.6<br/>리보플라빈(mg) : 0.7<br/>비타민C(mg) : 24.2<br/>칼슘(mg) : 199.9<br/>철분(mg) : 11.0,20260721

